event,stratum,horizon,event_prob,event_prob_std,n,stratum_kind
death_event,high,1,0.7588850680809681,0.05104982102591879,7976,risk_tertile
death_event,high,2,0.6379589809267338,0.16623270176092728,7976,risk_tertile
death_event,high,3,0.6641676322787761,0.1691941125394574,7976,risk_tertile
death_event,high,4,0.6823869270668265,0.2215394771382488,7922,risk_tertile
death_event,low,1,0.32055094435254305,0.08445835815680276,7976,risk_tertile
death_event,low,2,0.18475266655023354,0.07645844172196493,7976,risk_tertile
death_event,low,3,0.27058953809138075,0.1368471619032592,7976,risk_tertile
death_event,low,4,0.23692027710123906,0.1758089191501959,7941,risk_tertile
death_event,mid,1,0.5686101120168513,0.06168718755213557,7975,risk_tertile
death_event,mid,2,0.3489269693181806,0.14076639525146056,7975,risk_tertile
death_event,mid,3,0.4352343750728709,0.18018479041750818,7975,risk_tertile
death_event,mid,4,0.40719111132503094,0.2425850198725341,7936,risk_tertile
death_event,no observed event,1,0.529815195999794,0.18772447259957883,21085,obs_stratum
death_event,no observed event,2,0.36170380045720574,0.21549514866029548,21085,obs_stratum
death_event,no observed event,3,0.4294004831532887,0.22009801009602856,21085,obs_stratum
death_event,no observed event,4,0.4069317956262608,0.2714747247943782,20979,obs_stratum
death_event,observed event,1,0.6942624457594713,0.15466118109429286,2842,obs_stratum
death_event,observed event,2,0.6045447037116816,0.22043682781216853,2842,obs_stratum
death_event,observed event,3,0.6589402339167573,0.19357388863831532,2842,obs_stratum
death_event,observed event,4,0.7027303814597375,0.22201866585625138,2820,obs_stratum
