event,horizon,stratum,time,survival,at_risk,events,n_persons
death_event,1,low,2,0.9961133400200601,7976,31,7976
death_event,1,low,3,0.9877361415336707,7729,65,7976
death_event,1,low,4,0.9757227776096444,7482,91,7976
death_event,1,low,5,0.9614192818757865,6958,102,7976
death_event,1,mid,2,0.9890909090909091,7975,87,7975
death_event,1,mid,3,0.9719294197968288,7723,134,7975
death_event,1,mid,4,0.9433046408836014,7402,218,7975
death_event,1,mid,5,0.9191959537994143,6769,173,7975
death_event,1,high,2,0.9595035105315948,7976,323,7976
death_event,1,high,3,0.904149991513821,7523,434,7976
death_event,1,high,4,0.8148463842536706,6915,683,7976
death_event,1,high,5,0.7440086194591038,5763,501,7976
death_event,2,low,3,0.9936043206367254,7036,45,7036
death_event,2,low,4,0.9832242406765043,6892,72,7036
death_event,2,low,5,0.9740281844542923,6522,61,7036
death_event,2,mid,3,0.9873507674815236,7036,89,7036
death_event,2,mid,4,0.9603928767647701,6849,187,7036
death_event,2,mid,5,0.9348489050661164,6354,169,7036
death_event,2,high,3,0.9511085844229676,7036,344,7036
death_event,2,high,4,0.8609396757812278,6582,624,7036
death_event,2,high,5,0.7842344302554591,5612,500,7036
death_event,3,low,4,0.9929193899782135,5508,39,5508
death_event,3,low,5,0.9826018826196642,5293,55,5508
death_event,3,mid,4,0.9714960058097313,5508,157,5508
death_event,3,mid,5,0.9474108830625599,5163,128,5508
death_event,3,high,4,0.9075889615105301,5508,509,5508
death_event,3,high,5,0.8171726954204501,4768,475,5508
