stratum,horizon,event,action,observed_rate,crude_rate,n_labeled,n,n_origin
stay_low,1,adl_worsening,alcohol_days_per_week,0.05928814666006421,0.056937799043062204,2090,2090,2276
stay_low,2,adl_worsening,alcohol_days_per_week,0.07219623363790673,0.06923076923076923,1560,1560,2276
stay_low,3,adl_worsening,alcohol_days_per_week,0.07506263902855562,0.06991988346686089,1373,1373,2276
stay_low,4,adl_worsening,alcohol_days_per_week,0.07902472905305577,0.07528786536758193,1129,1129,2276
stay_low,5,adl_worsening,alcohol_days_per_week,0.08141347625559499,0.0743801652892562,726,726,2276
switch_high,1,adl_worsening,alcohol_days_per_week,0.024094512669050206,0.03125,32,32,32
switch_high,2,adl_worsening,alcohol_days_per_week,0.057324612275646,0.06666666666666667,30,30,32
switch_high,3,adl_worsening,alcohol_days_per_week,0.0589667858438261,0.06896551724137931,29,29,32
switch_high,4,adl_worsening,alcohol_days_per_week,0.042165397170837865,0.04,25,25,32
switch_high,5,adl_worsening,alcohol_days_per_week,0.12821907870874139,0.11764705882352941,17,17,32
switch_mid,1,adl_worsening,alcohol_days_per_week,0.02232659986622416,0.022271714922048998,449,449,449
switch_mid,2,adl_worsening,alcohol_days_per_week,0.03315242960371742,0.027210884353741496,441,441,449
switch_mid,3,adl_worsening,alcohol_days_per_week,0.04881006825464411,0.03341288782816229,419,419,449
switch_mid,4,adl_worsening,alcohol_days_per_week,0.049583909958865545,0.03684210526315789,380,380,449
switch_mid,5,adl_worsening,alcohol_days_per_week,0.06494257364768789,0.04979253112033195,241,241,449
stay_low,1,death_event,alcohol_days_per_week,0.07723646820838409,0.08084358523725835,2276,2276,2276
stay_low,2,death_event,alcohol_days_per_week,0.08964768755428508,0.09559675550405562,1726,1726,2276
stay_low,3,death_event,alcohol_days_per_week,0.07981598724821301,0.07723304231027535,1489,1489,2276
stay_low,4,death_event,alcohol_days_per_week,0.1057693489924276,0.10111464968152867,1256,1256,2276
stay_low,5,death_event,alcohol_days_per_week,0.11427491959257441,0.1166464155528554,823,823,2276
switch_high,1,death_event,alcohol_days_per_week,0.0,0.0,32,32,32
switch_high,2,death_event,alcohol_days_per_week,0.045097328013541285,0.03125,32,32,32
switch_high,3,death_event,alcohol_days_per_week,0.05710140421783512,0.06451612903225806,31,31,32
switch_high,4,death_event,alcohol_days_per_week,0.028110264780558575,0.037037037037037035,27,27,32
switch_high,5,death_event,alcohol_days_per_week,0.042165397170837865,0.05555555555555555,18,18,32
switch_mid,1,death_event,alcohol_days_per_week,0.0,0.0,449,449,449
switch_mid,2,death_event,alcohol_days_per_week,0.021838658864294133,0.017817371937639197,449,449,449
switch_mid,3,death_event,alcohol_days_per_week,0.039550524738228766,0.027842227378190254,431,431,449
switch_mid,4,death_event,alcohol_days_per_week,0.07088337105282833,0.05236907730673317,401,401,449
switch_mid,5,death_event,alcohol_days_per_week,0.1220653307743905,0.09701492537313433,268,268,449
stay_low,1,iadl_worsening,alcohol_days_per_week,0.051795170185235176,0.04880382775119617,2090,2090,2276
stay_low,2,iadl_worsening,alcohol_days_per_week,0.0660675048017065,0.06153846153846154,1560,1560,2276
stay_low,3,iadl_worsening,alcohol_days_per_week,0.06909461487008361,0.06117989803350328,1373,1373,2276
stay_low,4,iadl_worsening,alcohol_days_per_week,0.05773388757529506,0.050487156775907885,1129,1129,2276
stay_low,5,iadl_worsening,alcohol_days_per_week,0.0758170352147855,0.06611570247933884,726,726,2276
switch_high,1,iadl_worsening,alcohol_days_per_week,0.024094512669050206,0.03125,32,32,32
switch_high,2,iadl_worsening,alcohol_days_per_week,0.0,0.0,30,30,32
switch_high,3,iadl_worsening,alcohol_days_per_week,0.0,0.0,28,28,32
switch_high,4,iadl_worsening,alcohol_days_per_week,0.0,0.0,25,25,32
switch_high,5,iadl_worsening,alcohol_days_per_week,0.13964454116793618,0.11764705882352941,17,17,32
switch_mid,1,iadl_worsening,alcohol_days_per_week,0.012546780148065671,0.011135857461024499,449,449,449
switch_mid,2,iadl_worsening,alcohol_days_per_week,0.033353318467589224,0.024943310657596373,441,441,449
switch_mid,3,iadl_worsening,alcohol_days_per_week,0.03247571336704137,0.01909307875894988,419,419,449
switch_mid,4,iadl_worsening,alcohol_days_per_week,0.041169295320133706,0.02631578947368421,380,380,449
switch_mid,5,iadl_worsening,alcohol_days_per_week,0.03047832754035148,0.02074688796680498,241,241,449
stay_low,1,adl_worsening,cigarettes_per_day,0.037953086811783984,0.03555422766656707,3347,3347,3544
stay_low,2,adl_worsening,cigarettes_per_day,0.05100015502375749,0.04774535809018567,2639,2639,3544
stay_low,3,adl_worsening,cigarettes_per_day,0.052265928158997485,0.04743752647183397,2361,2361,3544
stay_low,4,adl_worsening,cigarettes_per_day,0.05750269439329908,0.05142286570144783,2003,2003,3544
stay_low,5,adl_worsening,cigarettes_per_day,0.06443564386023105,0.05828220858895705,1304,1304,3544
switch_high,1,adl_worsening,cigarettes_per_day,0.0,0.0,11,11,11
switch_high,2,adl_worsening,cigarettes_per_day,0.07254130605822187,0.1,10,10,11
switch_high,3,adl_worsening,cigarettes_per_day,0.24836087070548127,0.25,8,8,11
switch_high,4,adl_worsening,cigarettes_per_day,0.15932336742722267,0.16666666666666666,6,6,11
switch_high,5,adl_worsening,cigarettes_per_day,0.0,0.0,4,4,11
switch_mid,1,adl_worsening,cigarettes_per_day,0.05558539548564485,0.07407407407407407,54,54,54
switch_mid,2,adl_worsening,cigarettes_per_day,0.0441563657208755,0.05660377358490566,53,53,54
switch_mid,3,adl_worsening,cigarettes_per_day,0.062194727234631285,0.06818181818181818,44,44,54
switch_mid,4,adl_worsening,cigarettes_per_day,0.06391876247839874,0.07894736842105263,38,38,54
switch_mid,5,adl_worsening,cigarettes_per_day,0.0,0.0,22,22,54
stay_low,1,death_event,cigarettes_per_day,0.054623130195013296,0.05502257336343115,3544,3544,3544
stay_low,2,death_event,cigarettes_per_day,0.06257955984218427,0.0647787610619469,2825,2825,3544
stay_low,3,death_event,cigarettes_per_day,0.06219075161227665,0.05933890880127439,2511,2511,3544
stay_low,4,death_event,cigarettes_per_day,0.08387067366046327,0.07865685372585096,2174,2174,3544
stay_low,5,death_event,cigarettes_per_day,0.0950300596188711,0.09424809424809424,1443,1443,3544
switch_high,1,death_event,cigarettes_per_day,0.0,0.0,11,11,11
switch_high,2,death_event,cigarettes_per_day,0.10621557828481511,0.09090909090909091,11,11,11
switch_high,3,death_event,cigarettes_per_day,0.14508261211644374,0.2,10,10,11
switch_high,4,death_event,cigarettes_per_day,0.0,0.0,6,6,11
switch_high,5,death_event,cigarettes_per_day,0.0,0.0,4,4,11
switch_mid,1,death_event,cigarettes_per_day,0.0,0.0,54,54,54
switch_mid,2,death_event,cigarettes_per_day,0.012773621501801053,0.018518518518518517,54,54,54
switch_mid,3,death_event,cigarettes_per_day,0.18246051537822114,0.10204081632653061,49,49,54
switch_mid,4,death_event,cigarettes_per_day,0.06470681992911924,0.05,40,40,54
switch_mid,5,death_event,cigarettes_per_day,0.11582950043262442,0.08333333333333333,24,24,54
stay_low,1,iadl_worsening,cigarettes_per_day,0.032919756931738806,0.030176277263220794,3347,3347,3544
stay_low,2,iadl_worsening,cigarettes_per_day,0.04833038716598796,0.04357711254262978,2639,2639,3544
stay_low,3,iadl_worsening,cigarettes_per_day,0.04879199897387907,0.041101694915254235,2360,2360,3544
stay_low,4,iadl_worsening,cigarettes_per_day,0.047692131361824944,0.03794308537194209,2003,2003,3544
stay_low,5,iadl_worsening,cigarettes_per_day,0.05792475736171407,0.04831288343558282,1304,1304,3544
switch_high,1,iadl_worsening,cigarettes_per_day,0.0,0.0,11,11,11
switch_high,2,iadl_worsening,cigarettes_per_day,0.0,0.0,10,10,11
switch_high,3,iadl_worsening,cigarettes_per_day,0.12090217676370311,0.125,8,8,11
switch_high,4,iadl_worsening,cigarettes_per_day,0.0,0.0,6,6,11
switch_high,5,iadl_worsening,cigarettes_per_day,0.0,0.0,4,4,11
switch_mid,1,iadl_worsening,cigarettes_per_day,0.012773621501801053,0.018518518518518517,54,54,54
switch_mid,2,iadl_worsening,cigarettes_per_day,0.026891834740633794,0.03773584905660377,53,53,54
switch_mid,3,iadl_worsening,cigarettes_per_day,0.01728890472350878,0.022727272727272728,44,44,54
switch_mid,4,iadl_worsening,cigarettes_per_day,0.0,0.0,38,38,54
switch_mid,5,iadl_worsening,cigarettes_per_day,0.022608567715357644,0.045454545454545456,22,22,54
stay_low,1,adl_worsening,diabetes_oral_medication,0.07706384689991247,0.058823529411764705,119,119,146
stay_low,2,adl_worsening,diabetes_oral_medication,0.08472626009468115,0.08196721311475409,61,61,146
stay_low,3,adl_worsening,diabetes_oral_medication,0.08840935672514622,0.10204081632653061,49,49,146
stay_low,4,adl_worsening,diabetes_oral_medication,0.10666666666666667,0.12121212121212122,33,33,146
stay_low,5,adl_worsening,diabetes_oral_medication,0.0,0.0,16,16,146
switch_high,1,adl_worsening,diabetes_oral_medication,0.09488536155202822,0.08860759493670886,79,79,79
switch_high,2,adl_worsening,diabetes_oral_medication,0.05843621399176954,0.05714285714285714,70,70,79
switch_high,3,adl_worsening,diabetes_oral_medication,0.031452991452991456,0.030303030303030304,66,66,79
switch_high,4,adl_worsening,diabetes_oral_medication,0.12026065162907269,0.125,56,56,79
switch_high,5,adl_worsening,diabetes_oral_medication,0.16451770451770453,0.1875,32,32,79
stay_low,1,death_event,diabetes_oral_medication,0.17742877492877496,0.18493150684931506,146,146,146
stay_low,2,death_event,diabetes_oral_medication,0.20581818181818184,0.21794871794871795,78,78,146
stay_low,3,death_event,diabetes_oral_medication,0.1409002849002849,0.14035087719298245,57,57,146
stay_low,4,death_event,diabetes_oral_medication,0.20463492063492061,0.21428571428571427,42,42,146
stay_low,5,death_event,diabetes_oral_medication,0.16518518518518518,0.2,20,20,146
switch_high,1,death_event,diabetes_oral_medication,0.0,0.0,79,79,79
switch_high,2,death_event,diabetes_oral_medication,0.11915343915343915,0.11392405063291139,79,79,79
switch_high,3,death_event,diabetes_oral_medication,0.02625514403292181,0.029411764705882353,68,68,79
switch_high,4,death_event,diabetes_oral_medication,0.11938283938283939,0.125,64,64,79
switch_high,5,death_event,diabetes_oral_medication,0.1539506172839506,0.15789473684210525,38,38,79
stay_low,1,iadl_worsening,diabetes_oral_medication,0.06817495801102358,0.05042016806722689,119,119,146
stay_low,2,iadl_worsening,diabetes_oral_medication,0.05943191311612364,0.04918032786885246,61,61,146
stay_low,3,iadl_worsening,diabetes_oral_medication,0.05577777777777778,0.04081632653061224,49,49,146
stay_low,4,iadl_worsening,diabetes_oral_medication,0.0,0.0,33,33,146
stay_low,5,iadl_worsening,diabetes_oral_medication,0.03377777777777778,0.0625,16,16,146
switch_high,1,iadl_worsening,diabetes_oral_medication,0.06299823633156966,0.06329113924050633,79,79,79
switch_high,2,iadl_worsening,diabetes_oral_medication,0.0,0.0,70,70,79
switch_high,3,iadl_worsening,diabetes_oral_medication,0.03752012882447665,0.030303030303030304,66,66,79
switch_high,4,iadl_worsening,diabetes_oral_medication,0.11628181565023671,0.10714285714285714,56,56,79
switch_high,5,iadl_worsening,diabetes_oral_medication,0.08352869352869352,0.09375,32,32,79
stay_low,1,adl_worsening,drinks_per_drinking_day,0.05978412836430751,0.05752636625119847,2086,2086,2273
stay_low,2,adl_worsening,drinks_per_drinking_day,0.07220837442082384,0.06940874035989718,1556,1556,2273
stay_low,3,adl_worsening,drinks_per_drinking_day,0.07507444791637358,0.07012417823228634,1369,1369,2273
stay_low,4,adl_worsening,drinks_per_drinking_day,0.07900108646465745,0.07548845470692718,1126,1126,2273
stay_low,5,adl_worsening,drinks_per_drinking_day,0.08089682437675033,0.07448275862068965,725,725,2273
switch_high,1,adl_worsening,drinks_per_drinking_day,0.027742837176799443,0.045454545454545456,22,22,22
switch_high,2,adl_worsening,drinks_per_drinking_day,0.0,0.0,20,20,22
switch_high,3,adl_worsening,drinks_per_drinking_day,0.0,0.0,19,19,22
switch_high,4,adl_worsening,drinks_per_drinking_day,0.0,0.0,12,12,22
switch_high,5,adl_worsening,drinks_per_drinking_day,0.0,0.0,6,6,22
switch_mid,1,adl_worsening,drinks_per_drinking_day,0.021737820908779973,0.021551724137931036,464,464,464
switch_mid,2,adl_worsening,drinks_per_drinking_day,0.036657134373630836,0.03070175438596491,456,456,464
switch_mid,3,adl_worsening,drinks_per_drinking_day,0.05158205015778788,0.03686635944700461,434,434,464
switch_mid,4,adl_worsening,drinks_per_drinking_day,0.050020275901869624,0.03787878787878788,396,396,464
switch_mid,5,adl_worsening,drinks_per_drinking_day,0.06845170617814114,0.05511811023622047,254,254,464
stay_low,1,death_event,drinks_per_drinking_day,0.07761443255978993,0.08139023317201936,2273,2273,2273
stay_low,2,death_event,drinks_per_drinking_day,0.09008962052356224,0.0963435867672664,1723,1723,2273
stay_low,3,death_event,drinks_per_drinking_day,0.07980172906186478,0.07744107744107744,1485,1485,2273
stay_low,4,death_event,drinks_per_drinking_day,0.10563950763500332,0.10135674381484437,1253,1253,2273
stay_low,5,death_event,drinks_per_drinking_day,0.11383460741597794,0.11678832116788321,822,822,2273
switch_high,1,death_event,drinks_per_drinking_day,0.0,0.0,22,22,22
switch_high,2,death_event,drinks_per_drinking_day,0.12962962962962965,0.09090909090909091,22,22,22
switch_high,3,death_event,drinks_per_drinking_day,0.0,0.0,19,19,22
switch_high,4,death_event,drinks_per_drinking_day,0.1528301886792453,0.07692307692307693,13,13,22
switch_high,5,death_event,drinks_per_drinking_day,0.0,0.0,6,6,22
switch_mid,1,death_event,drinks_per_drinking_day,0.0,0.0,464,464,464
switch_mid,2,death_event,drinks_per_drinking_day,0.02106435277121227,0.015086206896551725,464,464,464
switch_mid,3,death_event,drinks_per_drinking_day,0.04200519092744079,0.03125,448,448,464
switch_mid,4,death_event,drinks_per_drinking_day,0.07009545253525774,0.05250596658711217,419,419,464
switch_mid,5,death_event,drinks_per_drinking_day,0.11816472051407023,0.09574468085106383,282,282,464
stay_low,1,iadl_worsening,drinks_per_drinking_day,0.051765804249817686,0.0488974113135187,2086,2086,2273
stay_low,2,iadl_worsening,drinks_per_drinking_day,0.06601414706303255,0.061696658097686374,1556,1556,2273
stay_low,3,iadl_worsening,drinks_per_drinking_day,0.0684070246045737,0.0606281957633309,1369,1369,2273
stay_low,4,iadl_worsening,drinks_per_drinking_day,0.05688042238229102,0.0497335701598579,1126,1126,2273
stay_low,5,iadl_worsening,drinks_per_drinking_day,0.07526307517149913,0.06620689655172414,725,725,2273
switch_high,1,iadl_worsening,drinks_per_drinking_day,0.0,0.0,22,22,22
switch_high,2,iadl_worsening,drinks_per_drinking_day,0.0,0.0,20,20,22
switch_high,3,iadl_worsening,drinks_per_drinking_day,0.0,0.0,19,19,22
switch_high,4,iadl_worsening,drinks_per_drinking_day,0.0,0.0,12,12,22
switch_high,5,iadl_worsening,drinks_per_drinking_day,0.0,0.0,6,6,22
switch_mid,1,iadl_worsening,drinks_per_drinking_day,0.016424863060202462,0.015086206896551725,464,464,464
switch_mid,2,iadl_worsening,drinks_per_drinking_day,0.03222597483771643,0.02412280701754386,456,456,464
switch_mid,3,iadl_worsening,drinks_per_drinking_day,0.03318572381993039,0.020785219399538105,433,433,464
switch_mid,4,iadl_worsening,drinks_per_drinking_day,0.0412308934475856,0.027777777777777776,396,396,464
switch_mid,5,iadl_worsening,drinks_per_drinking_day,0.04630298997514995,0.027559055118110236,254,254,464
stay_low,1,adl_worsening,hypertension_treatment,0.03973045822102426,0.040983606557377046,122,122,140
stay_low,2,adl_worsening,hypertension_treatment,0.08661591084629813,0.06,50,50,140
stay_low,3,adl_worsening,hypertension_treatment,0.0,0.0,40,40,140
stay_low,4,adl_worsening,hypertension_treatment,0.03459119496855346,0.03571428571428571,28,28,140
stay_low,5,adl_worsening,hypertension_treatment,0.0,0.0,11,11,140
switch_high,1,adl_worsening,hypertension_treatment,0.060113322345493755,0.056,125,125,125
switch_high,2,adl_worsening,hypertension_treatment,0.11472565603990456,0.10833333333333334,120,120,125
switch_high,3,adl_worsening,hypertension_treatment,0.04701415245255423,0.04716981132075472,106,106,125
switch_high,4,adl_worsening,hypertension_treatment,0.09102817111471845,0.08333333333333333,84,84,125
switch_high,5,adl_worsening,hypertension_treatment,0.06608490566037736,0.06,50,50,125
stay_low,1,death_event,hypertension_treatment,0.15552687789248842,0.12857142857142856,140,140,140
stay_low,2,death_event,hypertension_treatment,0.11030478955007257,0.10714285714285714,56,56,140
stay_low,3,death_event,hypertension_treatment,0.1280521642619312,0.1111111111111111,45,45,140
stay_low,4,death_event,hypertension_treatment,0.029649595687331533,0.034482758620689655,29,29,140
stay_low,5,death_event,hypertension_treatment,0.06918238993710692,0.15384615384615385,13,13,140
switch_high,1,death_event,hypertension_treatment,0.0,0.0,125,125,125
switch_high,2,death_event,hypertension_treatment,0.0347428927537658,0.04,125,125,125
switch_high,3,death_event,hypertension_treatment,0.05942165525085088,0.07017543859649122,114,114,125
switch_high,4,death_event,hypertension_treatment,0.06952544311034878,0.08695652173913043,92,92,125
switch_high,5,death_event,hypertension_treatment,0.05742238195068383,0.09090909090909091,55,55,125
stay_low,1,iadl_worsening,hypertension_treatment,0.05878706199460916,0.02459016393442623,122,122,140
stay_low,2,iadl_worsening,hypertension_treatment,0.07023060796645703,0.04,50,50,140
stay_low,3,iadl_worsening,hypertension_treatment,0.029649595687331536,0.025,40,40,140
stay_low,4,iadl_worsening,hypertension_treatment,0.03459119496855346,0.03571428571428571,28,28,140
stay_low,5,iadl_worsening,hypertension_treatment,0.0,0.0,11,11,140
switch_high,1,iadl_worsening,hypertension_treatment,0.029421170450911416,0.032,125,125,125
switch_high,2,iadl_worsening,hypertension_treatment,0.04637461143642016,0.05,120,120,125
switch_high,3,iadl_worsening,hypertension_treatment,0.04929556816349269,0.04716981132075472,106,106,125
switch_high,4,iadl_worsening,hypertension_treatment,0.05020826263355503,0.047619047619047616,84,84,125
switch_high,5,iadl_worsening,hypertension_treatment,0.027169811320754716,0.04,50,50,125
stay_low,1,adl_worsening,light_activity_frequency,0.3587857711216573,0.36477987421383645,159,159,263
stay_low,2,adl_worsening,light_activity_frequency,0.4808209296174285,0.5,70,70,263
stay_low,3,adl_worsening,light_activity_frequency,0.46216525997707614,0.4583333333333333,48,48,263
stay_low,4,adl_worsening,light_activity_frequency,0.5735267649928482,0.5333333333333333,30,30,263
stay_low,5,adl_worsening,light_activity_frequency,0.5858862144420132,0.6153846153846154,13,13,263
switch_high,1,adl_worsening,light_activity_frequency,0.030944481978575293,0.03896103896103896,77,77,77
switch_high,2,adl_worsening,light_activity_frequency,0.045283547660368004,0.056338028169014086,71,71,77
switch_high,3,adl_worsening,light_activity_frequency,0.20067633663390488,0.14516129032258066,62,62,77
switch_high,4,adl_worsening,light_activity_frequency,0.046462436177972286,0.06382978723404255,47,47,77
switch_high,5,adl_worsening,light_activity_frequency,0.11036782327810774,0.13333333333333333,30,30,77
switch_mid,1,adl_worsening,light_activity_frequency,0.08544025588690282,0.09401709401709402,117,117,117
switch_mid,2,adl_worsening,light_activity_frequency,0.15123634650320977,0.12962962962962962,108,108,117
switch_mid,3,adl_worsening,light_activity_frequency,0.10767240474223147,0.1,90,90,117
switch_mid,4,adl_worsening,light_activity_frequency,0.17384381482849753,0.1323529411764706,68,68,117
switch_mid,5,adl_worsening,light_activity_frequency,0.039203427541695014,0.06060606060606061,33,33,117
stay_low,1,death_event,light_activity_frequency,0.3626620759178631,0.3916349809885932,263,263,263
stay_low,2,death_event,light_activity_frequency,0.3789668829257681,0.43548387096774194,124,124,263
stay_low,3,death_event,light_activity_frequency,0.2652434120705455,0.2835820895522388,67,67,263
stay_low,4,death_event,light_activity_frequency,0.2887751380639783,0.2857142857142857,42,42,263
stay_low,5,death_event,light_activity_frequency,0.40645514223194745,0.38095238095238093,21,21,263
switch_high,1,death_event,light_activity_frequency,0.0,0.0,77,77,77
switch_high,2,death_event,light_activity_frequency,0.13168160749158841,0.07792207792207792,77,77,77
switch_high,3,death_event,light_activity_frequency,0.10323538605814317,0.10144927536231885,69,69,77
switch_high,4,death_event,light_activity_frequency,0.33997280072225367,0.16071428571428573,56,56,77
switch_high,5,death_event,light_activity_frequency,0.09255900490293592,0.16666666666666666,36,36,77
switch_mid,1,death_event,light_activity_frequency,0.0,0.0,117,117,117
switch_mid,2,death_event,light_activity_frequency,0.10007723001673317,0.07692307692307693,117,117,117
switch_mid,3,death_event,light_activity_frequency,0.22796311681625106,0.1346153846153846,104,104,117
switch_mid,4,death_event,light_activity_frequency,0.2692039777756219,0.19047619047619047,84,84,117
switch_mid,5,death_event,light_activity_frequency,0.15063735195026223,0.15,40,40,117
stay_low,1,iadl_worsening,light_activity_frequency,0.32307444561273885,0.31446540880503143,159,159,263
stay_low,2,iadl_worsening,light_activity_frequency,0.4145838843869478,0.44285714285714284,70,70,263
stay_low,3,iadl_worsening,light_activity_frequency,0.34438887152235076,0.3333333333333333,48,48,263
stay_low,4,iadl_worsening,light_activity_frequency,0.2857569126715735,0.2,30,30,263
stay_low,5,iadl_worsening,light_activity_frequency,0.33698030634573306,0.23076923076923078,13,13,263
switch_high,1,iadl_worsening,light_activity_frequency,0.026648784734476835,0.03896103896103896,77,77,77
switch_high,2,iadl_worsening,light_activity_frequency,0.04926108374384236,0.07042253521126761,71,71,77
switch_high,3,iadl_worsening,light_activity_frequency,0.09009450417023435,0.06451612903225806,62,62,77
switch_high,4,iadl_worsening,light_activity_frequency,0.038859457176859,0.06382978723404255,47,47,77
switch_high,5,iadl_worsening,light_activity_frequency,0.38016046681254556,0.1,30,30,77
switch_mid,1,iadl_worsening,light_activity_frequency,0.01965838683562972,0.02564102564102564,117,117,117
switch_mid,2,iadl_worsening,light_activity_frequency,0.13990996582567317,0.09259259259259259,108,108,117
switch_mid,3,iadl_worsening,light_activity_frequency,0.06455646421764866,0.03333333333333333,90,90,117
switch_mid,4,iadl_worsening,light_activity_frequency,0.12180312029327346,0.058823529411764705,68,68,117
switch_mid,5,iadl_worsening,light_activity_frequency,0.039203427541695014,0.06060606060606061,33,33,117
stay_low,1,adl_worsening,moderate_activity_frequency,0.17956595902997613,0.17955112219451372,401,401,534
stay_low,2,adl_worsening,moderate_activity_frequency,0.27279959399820847,0.27403846153846156,208,208,534
stay_low,3,adl_worsening,moderate_activity_frequency,0.3033610495551034,0.296969696969697,165,165,534
stay_low,4,adl_worsening,moderate_activity_frequency,0.30040710230692635,0.27350427350427353,117,117,534
stay_low,5,adl_worsening,moderate_activity_frequency,0.21598413541824804,0.2459016393442623,61,61,534
switch_high,1,adl_worsening,moderate_activity_frequency,0.07896754409843894,0.07216494845360824,194,194,194
switch_high,2,adl_worsening,moderate_activity_frequency,0.09872381040572636,0.09289617486338798,183,183,194
switch_high,3,adl_worsening,moderate_activity_frequency,0.1274796021006413,0.1125,160,160,194
switch_high,4,adl_worsening,moderate_activity_frequency,0.11876022489731311,0.09302325581395349,129,129,194
switch_high,5,adl_worsening,moderate_activity_frequency,0.15245732172538762,0.075,80,80,194
switch_mid,1,adl_worsening,moderate_activity_frequency,0.04195346735405539,0.03755868544600939,213,213,213
switch_mid,2,adl_worsening,moderate_activity_frequency,0.08518647625756523,0.054187192118226604,203,203,213
switch_mid,3,adl_worsening,moderate_activity_frequency,0.0422834073347612,0.06417112299465241,187,187,213
switch_mid,4,adl_worsening,moderate_activity_frequency,0.3130596201531377,0.1,140,140,213
switch_mid,5,adl_worsening,moderate_activity_frequency,0.11147186147186147,0.1,80,80,213
stay_low,1,death_event,moderate_activity_frequency,0.21901456319339307,0.24719101123595505,534,534,534
stay_low,2,death_event,moderate_activity_frequency,0.24402366952470977,0.2876712328767123,292,292,534
stay_low,3,death_event,moderate_activity_frequency,0.1551016988044776,0.16666666666666666,198,198,534
stay_low,4,death_event,moderate_activity_frequency,0.2285869740883666,0.2251655629139073,151,151,534
stay_low,5,death_event,moderate_activity_frequency,0.24099914265325711,0.25609756097560976,82,82,534
switch_high,1,death_event,moderate_activity_frequency,0.0,0.0,194,194,194
switch_high,2,death_event,moderate_activity_frequency,0.06547938360354802,0.05670103092783505,194,194,194
switch_high,3,death_event,moderate_activity_frequency,0.09390864401782545,0.08045977011494253,174,174,194
switch_high,4,death_event,moderate_activity_frequency,0.13527243473660372,0.12244897959183673,147,147,194
switch_high,5,death_event,moderate_activity_frequency,0.22706269797857181,0.19,100,100,194
switch_mid,1,death_event,moderate_activity_frequency,0.0,0.0,213,213,213
switch_mid,2,death_event,moderate_activity_frequency,0.0959028873128407,0.046948356807511735,213,213,213
switch_mid,3,death_event,moderate_activity_frequency,0.14902381585396096,0.06965174129353234,201,201,213
switch_mid,4,death_event,moderate_activity_frequency,0.2849689006297318,0.15151515151515152,165,165,213
switch_mid,5,death_event,moderate_activity_frequency,0.2848793077273417,0.09090909090909091,88,88,213
stay_low,1,iadl_worsening,moderate_activity_frequency,0.1416810854690699,0.14214463840399003,401,401,534
stay_low,2,iadl_worsening,moderate_activity_frequency,0.18272675377557684,0.1875,208,208,534
stay_low,3,iadl_worsening,moderate_activity_frequency,0.13942950624301487,0.13333333333333333,165,165,534
stay_low,4,iadl_worsening,moderate_activity_frequency,0.11751812061106973,0.08547008547008547,117,117,534
stay_low,5,iadl_worsening,moderate_activity_frequency,0.10995774505338798,0.09836065573770492,61,61,534
switch_high,1,iadl_worsening,moderate_activity_frequency,0.03614130282168174,0.030927835051546393,194,194,194
switch_high,2,iadl_worsening,moderate_activity_frequency,0.06395366292120308,0.04918032786885246,183,183,194
switch_high,3,iadl_worsening,moderate_activity_frequency,0.11201767177439222,0.09375,160,160,194
switch_high,4,iadl_worsening,moderate_activity_frequency,0.08469691838448479,0.05426356589147287,129,129,194
switch_high,5,iadl_worsening,moderate_activity_frequency,0.09333360582032207,0.0625,80,80,194
switch_mid,1,iadl_worsening,moderate_activity_frequency,0.055549759354660916,0.03773584905660377,212,212,213
switch_mid,2,iadl_worsening,moderate_activity_frequency,0.07715470714296152,0.04433497536945813,203,203,213
switch_mid,3,iadl_worsening,moderate_activity_frequency,0.017039456001319557,0.026737967914438502,187,187,213
switch_mid,4,iadl_worsening,moderate_activity_frequency,0.28093998928217845,0.07142857142857142,140,140,213
switch_mid,5,iadl_worsening,moderate_activity_frequency,0.04772311022311022,0.0375,80,80,213
stay_low,1,adl_worsening,vigorous_activity_frequency,0.08114736355536394,0.08179419525065963,1516,1516,1712
stay_low,2,adl_worsening,vigorous_activity_frequency,0.10812962901967425,0.110337972166998,1006,1006,1712
stay_low,3,adl_worsening,vigorous_activity_frequency,0.12299157178061426,0.12081339712918661,836,836,1712
stay_low,4,adl_worsening,vigorous_activity_frequency,0.1329674490012095,0.12691131498470948,654,654,1712
stay_low,5,adl_worsening,vigorous_activity_frequency,0.12013149477574808,0.11779448621553884,399,399,1712
switch_high,1,adl_worsening,vigorous_activity_frequency,0.013221410619245633,0.015957446808510637,376,376,376
switch_high,2,adl_worsening,vigorous_activity_frequency,0.032653870306393704,0.03551912568306011,366,366,376
switch_high,3,adl_worsening,vigorous_activity_frequency,0.016695067594207545,0.01775147928994083,338,338,376
switch_high,4,adl_worsening,vigorous_activity_frequency,0.024910164980532445,0.030508474576271188,295,295,376
switch_high,5,adl_worsening,vigorous_activity_frequency,0.04798545538381346,0.05263157894736842,209,209,376
switch_mid,1,adl_worsening,vigorous_activity_frequency,0.023607946569487732,0.02127659574468085,470,470,470
switch_mid,2,adl_worsening,vigorous_activity_frequency,0.013808406503836582,0.015151515151515152,462,462,470
switch_mid,3,adl_worsening,vigorous_activity_frequency,0.02890365169850512,0.03225806451612903,434,434,470
switch_mid,4,adl_worsening,vigorous_activity_frequency,0.027702563680506966,0.031578947368421054,380,380,470
switch_mid,5,adl_worsening,vigorous_activity_frequency,0.047502879482354134,0.04032258064516129,248,248,470
stay_low,1,death_event,vigorous_activity_frequency,0.10478728492780387,0.11448598130841121,1712,1712,1712
stay_low,2,death_event,vigorous_activity_frequency,0.12666994825987887,0.14431239388794567,1178,1178,1712
stay_low,3,death_event,vigorous_activity_frequency,0.10774897339418575,0.11534391534391535,945,945,1712
stay_low,4,death_event,vigorous_activity_frequency,0.1431196155826019,0.1462140992167102,766,766,1712
stay_low,5,death_event,vigorous_activity_frequency,0.14954792804350256,0.16142557651991615,477,477,1712
switch_high,1,death_event,vigorous_activity_frequency,0.0,0.0,376,376,376
switch_high,2,death_event,vigorous_activity_frequency,0.026730261508305254,0.026595744680851064,376,376,376
switch_high,3,death_event,vigorous_activity_frequency,0.04800704364881435,0.04788732394366197,355,355,376
switch_high,4,death_event,vigorous_activity_frequency,0.07222208768373152,0.06050955414012739,314,314,376
switch_high,5,death_event,vigorous_activity_frequency,0.06939220608205422,0.07488986784140969,227,227,376
switch_mid,1,death_event,vigorous_activity_frequency,0.0,0.0,470,470,470
switch_mid,2,death_event,vigorous_activity_frequency,0.027518660076217442,0.01702127659574468,470,470,470
switch_mid,3,death_event,vigorous_activity_frequency,0.043106178466423783,0.03333333333333333,450,450,470
switch_mid,4,death_event,vigorous_activity_frequency,0.07773384942340568,0.06172839506172839,405,405,470
switch_mid,5,death_event,vigorous_activity_frequency,0.03689029891140915,0.04980842911877394,261,261,470
stay_low,1,iadl_worsening,vigorous_activity_frequency,0.060203577907330844,0.06072607260726073,1515,1515,1712
stay_low,2,iadl_worsening,vigorous_activity_frequency,0.0901810666190865,0.09443339960238568,1006,1006,1712
stay_low,3,iadl_worsening,vigorous_activity_frequency,0.07731370091029348,0.07535885167464115,836,836,1712
stay_low,4,iadl_worsening,vigorous_activity_frequency,0.07239745490274212,0.06422018348623854,654,654,1712
stay_low,5,iadl_worsening,vigorous_activity_frequency,0.0925573956926576,0.07769423558897243,399,399,1712
switch_high,1,iadl_worsening,vigorous_activity_frequency,0.003957418656402237,0.005319148936170213,376,376,376
switch_high,2,iadl_worsening,vigorous_activity_frequency,0.01863471286616951,0.01639344262295082,366,366,376
switch_high,3,iadl_worsening,vigorous_activity_frequency,0.032560828104221375,0.023668639053254437,338,338,376
switch_high,4,iadl_worsening,vigorous_activity_frequency,0.02072694629379539,0.020338983050847456,295,295,376
switch_high,5,iadl_worsening,vigorous_activity_frequency,0.052556334075098715,0.05263157894736842,209,209,376
switch_mid,1,iadl_worsening,vigorous_activity_frequency,0.009019363079838168,0.010638297872340425,470,470,470
switch_mid,2,iadl_worsening,vigorous_activity_frequency,0.013335008568571925,0.015151515151515152,462,462,470
switch_mid,3,iadl_worsening,vigorous_activity_frequency,0.04230359393416031,0.027649769585253458,434,434,470
switch_mid,4,iadl_worsening,vigorous_activity_frequency,0.03523586135001302,0.02894736842105263,380,380,470
switch_mid,5,iadl_worsening,vigorous_activity_frequency,0.036502404633830844,0.036290322580645164,248,248,470
