stratum,horizon,event,action,event_prob,crude_rate,n_labeled,n,n_origin
high,1,adl_worsening,alcohol_days_per_week,0.2892405286064226,0.2732504429741563,2569,2569,2569
high,2,adl_worsening,alcohol_days_per_week,0.232396184762954,0.21363597217064137,2569,2569,2569
high,3,adl_worsening,alcohol_days_per_week,0.27212170098759175,0.2577352054292894,1979,1979,2569
high,4,adl_worsening,alcohol_days_per_week,0.2668167979578496,0.24948916704870766,1291,1291,2569
low,1,adl_worsening,alcohol_days_per_week,0.4005576919512652,0.40732958649154083,11768,11768,11768
low,2,adl_worsening,alcohol_days_per_week,0.34715176000333064,0.3559798323444865,11768,11768,11768
low,3,adl_worsening,alcohol_days_per_week,0.4213052859933263,0.4340902572429917,9367,9367,11768
low,4,adl_worsening,alcohol_days_per_week,0.3975083274707062,0.40680782516053654,6545,6545,11768
mid,1,adl_worsening,alcohol_days_per_week,0.2951345958068967,0.2605786408846767,994,994,994
mid,2,adl_worsening,alcohol_days_per_week,0.2484801340417217,0.2046337350828187,994,994,994
mid,3,adl_worsening,alcohol_days_per_week,0.30457965076612364,0.2595983003252964,706,706,994
mid,4,adl_worsening,alcohol_days_per_week,0.28504309607883777,0.23357894007976238,455,455,994
high,1,death_event,alcohol_days_per_week,0.5356612156450765,0.5244060374909498,2569,2569,2569
high,2,death_event,alcohol_days_per_week,0.3528469069225866,0.33478541510689347,2569,2569,2569
high,3,death_event,alcohol_days_per_week,0.42561118020503647,0.41626365008063243,1979,1979,2569
high,4,death_event,alcohol_days_per_week,0.38759190291973866,0.3757400568329392,1291,1291,2569
low,1,death_event,alcohol_days_per_week,0.5469112167165215,0.5520476183127853,11768,11768,11768
low,2,death_event,alcohol_days_per_week,0.39204435735726456,0.40034881809740286,11768,11768,11768
low,3,death_event,alcohol_days_per_week,0.46237110939200887,0.47317594994908274,9367,9367,11768
low,4,death_event,alcohol_days_per_week,0.42356154796586604,0.4328339213799939,6545,6545,11768
mid,1,death_event,alcohol_days_per_week,0.5193548181491389,0.4910332578153797,994,994,994
mid,2,death_event,alcohol_days_per_week,0.3475977244347051,0.3039759751221903,994,994,994
mid,3,death_event,alcohol_days_per_week,0.42022076624445437,0.38336183894794995,706,706,994
mid,4,death_event,alcohol_days_per_week,0.3641987149567381,0.3157873510986894,455,455,994
high,1,iadl_worsening,alcohol_days_per_week,0.25479356089945904,0.23944244164293405,2569,2569,2569
high,2,iadl_worsening,alcohol_days_per_week,0.2016567646441405,0.18400670187500676,2569,2569,2569
high,3,iadl_worsening,alcohol_days_per_week,0.23982755948584303,0.22567463149290726,1979,1979,2569
high,4,iadl_worsening,alcohol_days_per_week,0.23598176117628283,0.21858843641051204,1291,1291,2569
low,1,iadl_worsening,alcohol_days_per_week,0.36063007795102886,0.367302500492153,11768,11768,11768
low,2,iadl_worsening,alcohol_days_per_week,0.30893868395795204,0.31753245633624794,11768,11768,11768
low,3,iadl_worsening,alcohol_days_per_week,0.38224601024054733,0.3947151139588535,9367,9367,11768
low,4,iadl_worsening,alcohol_days_per_week,0.36002165133638275,0.36871015542991475,6545,6545,11768
mid,1,iadl_worsening,alcohol_days_per_week,0.2602557878167449,0.22738144476289002,994,994,994
mid,2,iadl_worsening,alcohol_days_per_week,0.21645271827192789,0.17555264930729894,994,994,994
mid,3,iadl_worsening,alcohol_days_per_week,0.27081579500806024,0.22750459948063909,706,706,994
mid,4,iadl_worsening,alcohol_days_per_week,0.2529169539596457,0.2032349380981791,455,455,994
high,1,adl_worsening,cigarettes_per_day,0.2931661626567047,0.2826613769806826,1248,1248,1248
high,2,adl_worsening,cigarettes_per_day,0.23952353765002898,0.22604741436692002,1248,1248,1248
high,3,adl_worsening,cigarettes_per_day,0.2594503013266772,0.2537663456070984,808,808,1248
high,4,adl_worsening,cigarettes_per_day,0.24025518110943023,0.23906964721715995,394,394,1248
mid,1,adl_worsening,cigarettes_per_day,0.3083932001493859,0.33146400993733893,635,635,635
mid,2,adl_worsening,cigarettes_per_day,0.24862843732049988,0.2779594493311221,635,635,635
mid,3,adl_worsening,cigarettes_per_day,0.28416697154275933,0.3299479069530537,419,419,635
mid,4,adl_worsening,cigarettes_per_day,0.273955950849147,0.3265269272471672,219,219,635
high,1,death_event,cigarettes_per_day,0.5631212596325572,0.5555960011716263,1248,1248,1248
high,2,death_event,cigarettes_per_day,0.3955980252396584,0.3827685826840118,1248,1248,1248
high,3,death_event,cigarettes_per_day,0.42581111633725577,0.42190000266389976,808,808,1248
high,4,death_event,cigarettes_per_day,0.364057265586777,0.3642574060084251,394,394,1248
mid,1,death_event,cigarettes_per_day,0.5577913040445291,0.5741503204182377,635,635,635
mid,2,death_event,cigarettes_per_day,0.38035235045434224,0.4079738865100493,635,635,635
mid,3,death_event,cigarettes_per_day,0.4222200585559915,0.46534578806247234,419,419,635
mid,4,death_event,cigarettes_per_day,0.3825481681228662,0.43873446468757166,219,219,635
high,1,iadl_worsening,cigarettes_per_day,0.2575266213611224,0.24750998098618135,1248,1248,1248
high,2,iadl_worsening,cigarettes_per_day,0.20773741583727712,0.19503495380139121,1248,1248,1248
high,3,iadl_worsening,cigarettes_per_day,0.2277021411518495,0.22209320671044955,808,808,1248
high,4,iadl_worsening,cigarettes_per_day,0.20980258121594444,0.20846893982536296,394,394,1248
mid,1,iadl_worsening,cigarettes_per_day,0.27257673793605114,0.29486145554330406,635,635,635
mid,2,iadl_worsening,cigarettes_per_day,0.21677678576439863,0.24462512237584497,635,635,635
mid,3,iadl_worsening,cigarettes_per_day,0.25120856274299924,0.2949876212170414,419,419,635
mid,4,iadl_worsening,cigarettes_per_day,0.24168047753392283,0.2920935772121225,219,219,635
high,1,adl_worsening,diabetes_oral_medication,0.4597976119466486,0.462385734357266,571,571,571
high,2,adl_worsening,diabetes_oral_medication,0.4463983629721674,0.4502911446860709,571,571,571
high,3,adl_worsening,diabetes_oral_medication,0.5545157506689606,0.5478027345901335,471,471,571
high,4,adl_worsening,diabetes_oral_medication,0.5225890483875787,0.4925977117319902,300,300,571
low,1,adl_worsening,diabetes_oral_medication,0.4665442587228526,0.45776052745404067,243,243,243
low,2,adl_worsening,diabetes_oral_medication,0.4268688125980812,0.4160535168745881,243,243,243
low,3,adl_worsening,diabetes_oral_medication,0.5103769854488354,0.5002300051062606,215,215,243
low,4,adl_worsening,diabetes_oral_medication,0.4932945036218428,0.47716298270107105,151,151,243
high,1,death_event,diabetes_oral_medication,0.6184434773685685,0.6207636351291018,571,571,571
high,2,death_event,diabetes_oral_medication,0.5076402153163747,0.5115449768858072,571,571,571
high,3,death_event,diabetes_oral_medication,0.5905076320092054,0.5849545248596278,471,471,571
high,4,death_event,diabetes_oral_medication,0.5734868420743077,0.547840552876393,300,300,571
low,1,death_event,diabetes_oral_medication,0.6541056481513453,0.6481938791986356,243,243,243
low,2,death_event,diabetes_oral_medication,0.558752324498172,0.5492506972188321,243,243,243
low,3,death_event,diabetes_oral_medication,0.5727148734101625,0.5649259092502816,215,215,243
low,4,death_event,diabetes_oral_medication,0.5586314544668691,0.5452340057255417,151,151,243
high,1,iadl_worsening,diabetes_oral_medication,0.4193045361177091,0.42185654729970073,571,571,571
high,2,iadl_worsening,diabetes_oral_medication,0.4043674957309366,0.408174962340324,571,571,571
high,3,iadl_worsening,diabetes_oral_medication,0.512917159959456,0.5059073908440374,471,471,571
high,4,iadl_worsening,diabetes_oral_medication,0.48111074804729964,0.45055089150865874,300,300,571
low,1,iadl_worsening,diabetes_oral_medication,0.4232768468735418,0.41478617936985973,243,243,243
low,2,iadl_worsening,diabetes_oral_medication,0.3841039429429681,0.3736961608438335,243,243,243
low,3,iadl_worsening,diabetes_oral_medication,0.4682588748266171,0.4581610607199891,215,215,243
low,4,iadl_worsening,diabetes_oral_medication,0.4528544439091669,0.43631002277333214,151,151,243
high,1,adl_worsening,drinks_per_drinking_day,0.27726755614762555,0.30131782953605407,508,508,508
high,2,adl_worsening,drinks_per_drinking_day,0.21292935539261496,0.235609913142178,508,508,508
high,3,adl_worsening,drinks_per_drinking_day,0.241373881628271,0.2832770049050971,429,429,508
high,4,adl_worsening,drinks_per_drinking_day,0.22794861372302894,0.2669151953559151,291,291,508
mid,1,adl_worsening,drinks_per_drinking_day,0.26541603241691675,0.26175550102056727,3347,3347,3347
mid,2,adl_worsening,drinks_per_drinking_day,0.20896945891139093,0.20448560792143608,3347,3347,3347
mid,3,adl_worsening,drinks_per_drinking_day,0.244107003944779,0.24898940064540315,2402,2402,3347
mid,4,adl_worsening,drinks_per_drinking_day,0.23083015246683505,0.23779339845824196,1539,1539,3347
high,1,death_event,drinks_per_drinking_day,0.527887409063524,0.5499294443921311,508,508,508
high,2,death_event,drinks_per_drinking_day,0.32851867475310703,0.35844821113301073,508,508,508
high,3,death_event,drinks_per_drinking_day,0.40628572077785374,0.4470863121720183,429,429,508
high,4,death_event,drinks_per_drinking_day,0.35111537787109853,0.39858892004412066,291,291,508
mid,1,death_event,drinks_per_drinking_day,0.5067434402693523,0.503540876494848,3347,3347,3347
mid,2,death_event,drinks_per_drinking_day,0.32048710891561016,0.3156001064130574,3347,3347,3347
mid,3,death_event,drinks_per_drinking_day,0.38568462183518815,0.39034628310705305,2402,2402,3347
mid,4,death_event,drinks_per_drinking_day,0.3336634471246372,0.342090521808992,1539,1539,3347
high,1,iadl_worsening,drinks_per_drinking_day,0.2425104265058723,0.26497073738476423,508,508,508
high,2,iadl_worsening,drinks_per_drinking_day,0.1830005026836668,0.20345887953899508,508,508,508
high,3,iadl_worsening,drinks_per_drinking_day,0.20961095929949752,0.24858321259905408,429,429,508
high,4,iadl_worsening,drinks_per_drinking_day,0.19919638163580938,0.23514249856836608,291,291,508
mid,1,iadl_worsening,drinks_per_drinking_day,0.23233151335076152,0.22886895530831824,3347,3347,3347
mid,2,iadl_worsening,drinks_per_drinking_day,0.17990596683556231,0.17577367839365887,3347,3347,3347
mid,3,iadl_worsening,drinks_per_drinking_day,0.21323084106090448,0.21780421973503103,2402,2402,3347
mid,4,iadl_worsening,drinks_per_drinking_day,0.20127655944526995,0.20759054721176354,1539,1539,3347
high,1,adl_worsening,hypertension_treatment,0.4576605872288458,0.4621562447771291,2671,2671,2671
high,2,adl_worsening,hypertension_treatment,0.42992133172894675,0.43599124672327183,2671,2671,2671
high,3,adl_worsening,hypertension_treatment,0.5278516447661298,0.5264695801380845,2318,2318,2671
high,4,adl_worsening,hypertension_treatment,0.5059114029280705,0.49503203072795426,1599,1599,2671
low,1,adl_worsening,hypertension_treatment,0.4526271475521929,0.4329681887540672,721,721,721
low,2,adl_worsening,hypertension_treatment,0.41942898264865935,0.3946890152484468,721,721,721
low,3,adl_worsening,hypertension_treatment,0.5029260188726318,0.46995178704787544,653,653,721
low,4,adl_worsening,hypertension_treatment,0.49205311024669857,0.4543315901801571,487,487,721
high,1,death_event,hypertension_treatment,0.6358712035733664,0.639186983433657,2671,2671,2671
high,2,death_event,hypertension_treatment,0.5075430046425675,0.5134326779258827,2671,2671,2671
high,3,death_event,hypertension_treatment,0.5883744994136135,0.5876302611953849,2318,2318,2671
high,4,death_event,hypertension_treatment,0.5603571020884889,0.5511873198849027,1599,1599,2671
low,1,death_event,hypertension_treatment,0.6508591783054962,0.6388355493752206,721,721,721
low,2,death_event,hypertension_treatment,0.5286294831710082,0.507983194320526,721,721,721
low,3,death_event,hypertension_treatment,0.5789202349540018,0.55531224175991,653,653,721
low,4,death_event,hypertension_treatment,0.5506307850332165,0.5171261782427099,487,487,721
high,1,iadl_worsening,hypertension_treatment,0.41750908932316766,0.4219007469526796,2671,2671,2671
high,2,iadl_worsening,hypertension_treatment,0.3889351900473265,0.394817936137592,2671,2671,2671
high,3,iadl_worsening,hypertension_treatment,0.48712776865964746,0.4855689361395766,2318,2318,2671
high,4,iadl_worsening,hypertension_treatment,0.4654456684947415,0.454251626288615,1599,1599,2671
low,1,iadl_worsening,hypertension_treatment,0.41100902698417374,0.3918015058262173,721,721,721
low,2,iadl_worsening,hypertension_treatment,0.37806476604557143,0.3541153016372296,721,721,721
low,3,iadl_worsening,hypertension_treatment,0.4615631601180205,0.4286784676643827,653,653,721
low,4,iadl_worsening,hypertension_treatment,0.4520871916286651,0.41437708636940873,487,487,721
high,1,adl_worsening,light_activity_frequency,0.3196665015061388,0.3175376609393529,4375,4375,4375
high,2,adl_worsening,light_activity_frequency,0.2515586340376691,0.24874650494371142,4375,4375,4375
high,3,adl_worsening,light_activity_frequency,0.33976988942634856,0.34964896114995625,3231,3231,4375
high,4,adl_worsening,light_activity_frequency,0.3160400522805786,0.32359864665792964,2509,2509,4375
low,1,adl_worsening,light_activity_frequency,0.4890294505589876,0.5130707887614646,410,410,410
low,2,adl_worsening,light_activity_frequency,0.44234921811452926,0.47185614639666024,410,410,410
low,3,adl_worsening,light_activity_frequency,0.478491253167018,0.5136339336342455,307,307,410
low,4,adl_worsening,light_activity_frequency,0.45345663671201425,0.4843674919045553,246,246,410
high,1,death_event,light_activity_frequency,0.5008182578200754,0.4991100586635726,4375,4375,4375
high,2,death_event,light_activity_frequency,0.3380146335018961,0.3351963840808187,4375,4375,4375
high,3,death_event,light_activity_frequency,0.42869353584225467,0.4380714265449207,3231,3231,4375
high,4,death_event,light_activity_frequency,0.37744480064818325,0.3861329097132989,2509,2509,4375
low,1,death_event,light_activity_frequency,0.6484033206128029,0.6585906503767502,410,410,410
low,2,death_event,light_activity_frequency,0.538889475645482,0.5596895165378001,410,410,410
low,3,death_event,light_activity_frequency,0.4987487701525587,0.5274527123871378,307,307,410
low,4,death_event,light_activity_frequency,0.482452702942858,0.5119762764713629,246,246,410
high,1,iadl_worsening,light_activity_frequency,0.2828586439090968,0.28079966248955046,4375,4375,4375
high,2,iadl_worsening,light_activity_frequency,0.21904753505374583,0.2163503264955112,4375,4375,4375
high,3,iadl_worsening,light_activity_frequency,0.3029135033116512,0.31222462565795217,3231,3231,4375
high,4,iadl_worsening,light_activity_frequency,0.2816296369560597,0.28844615502892473,2509,2509,4375
low,1,iadl_worsening,light_activity_frequency,0.44911300658500075,0.47348129543952827,410,410,410
low,2,iadl_worsening,light_activity_frequency,0.4030406239370748,0.43296398171564426,410,410,410
low,3,iadl_worsening,light_activity_frequency,0.4403371465474381,0.47601360611690374,307,307,410
low,4,iadl_worsening,light_activity_frequency,0.4170059044201947,0.4477687120982787,246,246,410
high,1,adl_worsening,moderate_activity_frequency,0.3024020651346536,0.2835426506402732,2272,2272,2272
high,2,adl_worsening,moderate_activity_frequency,0.2270912092851752,0.203586929700744,2272,2272,2272
high,3,adl_worsening,moderate_activity_frequency,0.3154948125637331,0.2903332261527039,1705,1705,2272
high,4,adl_worsening,moderate_activity_frequency,0.28181288832690415,0.25803974697525534,1334,1334,2272
low,1,adl_worsening,moderate_activity_frequency,0.43168157176133015,0.47013803611857347,1494,1494,1494
low,2,adl_worsening,moderate_activity_frequency,0.38138616673359266,0.4338937308365003,1494,1494,1494
low,3,adl_worsening,moderate_activity_frequency,0.4678575182975151,0.5352805544882877,1097,1097,1494
low,4,adl_worsening,moderate_activity_frequency,0.4532159203260838,0.5145542052650831,817,817,1494
mid,1,adl_worsening,moderate_activity_frequency,0.15708525469347281,0.1575926225632429,4,4,4
mid,2,adl_worsening,moderate_activity_frequency,0.11600422941093091,0.11619452014565468,4,4,4
mid,3,adl_worsening,moderate_activity_frequency,0.14226789025465647,0.1535356417298317,2,2,4
mid,4,adl_worsening,moderate_activity_frequency,0.15349046885967255,0.15349046885967255,1,1,4
high,1,death_event,moderate_activity_frequency,0.4743510793511305,0.4546800225212331,2272,2272,2272
high,2,death_event,moderate_activity_frequency,0.2928098770854699,0.26457516052497837,2272,2272,2272
high,3,death_event,moderate_activity_frequency,0.40046193775287886,0.37914061794969695,1705,1705,2272
high,4,death_event,moderate_activity_frequency,0.3327850322815678,0.31102760133893415,1334,1334,2272
low,1,death_event,moderate_activity_frequency,0.6161924706137393,0.6402256428756548,1494,1494,1494
low,2,death_event,moderate_activity_frequency,0.5044900894937826,0.5488608269148083,1494,1494,1494
low,3,death_event,moderate_activity_frequency,0.5170072684095528,0.572375417129224,1097,1097,1494
low,4,death_event,moderate_activity_frequency,0.4988001230964168,0.5566443682647102,817,817,1494
mid,1,death_event,moderate_activity_frequency,0.30069525696171656,0.30200785398483276,4,4,4
mid,2,death_event,moderate_activity_frequency,0.1705914178910079,0.17107197269797325,4,4,4
mid,3,death_event,moderate_activity_frequency,0.399416023598777,0.3648371696472168,2,2,4
mid,4,death_event,moderate_activity_frequency,0.18096844851970673,0.18096844851970673,1,1,4
high,1,iadl_worsening,moderate_activity_frequency,0.26598935786981587,0.24830805420101634,2272,2272,2272
high,2,iadl_worsening,moderate_activity_frequency,0.19546783874790408,0.1737733789372035,2272,2272,2272
high,3,iadl_worsening,moderate_activity_frequency,0.27876707802507594,0.2542466148166013,1705,1705,2272
high,4,iadl_worsening,moderate_activity_frequency,0.24851326748914387,0.22513454237665192,1334,1334,2272
low,1,iadl_worsening,moderate_activity_frequency,0.39150465564848136,0.42962454238948894,1494,1494,1494
low,2,iadl_worsening,moderate_activity_frequency,0.34300427498316177,0.3946670900925575,1494,1494,1494
low,3,iadl_worsening,moderate_activity_frequency,0.4285453177218563,0.49602226433475777,1097,1097,1494
low,4,iadl_worsening,moderate_activity_frequency,0.415235813092891,0.4760549852084209,817,817,1494
mid,1,iadl_worsening,moderate_activity_frequency,0.131838663260142,0.13227474503219128,4,4,4
mid,2,iadl_worsening,moderate_activity_frequency,0.09592614494871211,0.09608088433742523,4,4,4
mid,3,iadl_worsening,moderate_activity_frequency,0.11670199928681056,0.1258402355015278,2,2,4
mid,4,iadl_worsening,moderate_activity_frequency,0.1252722293138504,0.1252722293138504,1,1,4
high,1,adl_worsening,vigorous_activity_frequency,0.28054165060443825,0.25581111671525725,1321,1321,1321
high,2,adl_worsening,vigorous_activity_frequency,0.1846815930575376,0.16349502598174498,1321,1321,1321
high,3,adl_worsening,vigorous_activity_frequency,0.25909305889500295,0.23002719803739655,988,988,1321
high,4,adl_worsening,vigorous_activity_frequency,0.2284408885055418,0.19988361906678398,784,784,1321
low,1,adl_worsening,vigorous_activity_frequency,0.40298851311556283,0.4202570067263964,3175,3175,3175
low,2,adl_worsening,vigorous_activity_frequency,0.3590412984416611,0.38233875467082645,3175,3175,3175
low,3,adl_worsening,vigorous_activity_frequency,0.45519507777121,0.49142993710740535,2374,2374,3175
low,4,adl_worsening,vigorous_activity_frequency,0.43683379834892977,0.4687135358843806,1782,1782,3175
mid,1,adl_worsening,vigorous_activity_frequency,0.22421693786174773,0.2207885341984885,7,7,7
mid,2,adl_worsening,vigorous_activity_frequency,0.12159114970429478,0.12030166919742312,7,7,7
mid,3,adl_worsening,vigorous_activity_frequency,0.1827963864423774,0.18818392902612685,5,5,7
mid,4,adl_worsening,vigorous_activity_frequency,0.11998263895137695,0.12008558958768845,4,4,7
high,1,death_event,vigorous_activity_frequency,0.45203138985596225,0.42875600785558465,1321,1321,1321
high,2,death_event,vigorous_activity_frequency,0.2430025627272702,0.2178775887995575,1321,1321,1321
high,3,death_event,vigorous_activity_frequency,0.37575913692619484,0.3481761060262981,988,988,1321
high,4,death_event,vigorous_activity_frequency,0.30495668310129287,0.27224613741344333,784,784,1321
low,1,death_event,vigorous_activity_frequency,0.5902895074583755,0.6024212321521729,3175,3175,3175
low,2,death_event,vigorous_activity_frequency,0.46717730818470465,0.48868744194507596,3175,3175,3175
low,3,death_event,vigorous_activity_frequency,0.506139722278907,0.5364813410128579,2374,2374,3175
low,4,death_event,vigorous_activity_frequency,0.47883611452084746,0.5099950332265644,1782,1782,3175
mid,1,death_event,vigorous_activity_frequency,0.48692031096260396,0.4576282948255539,7,7,7
mid,2,death_event,vigorous_activity_frequency,0.2488720872396208,0.2364927658012935,7,7,7
mid,3,death_event,vigorous_activity_frequency,0.37664520824269637,0.36911649703979493,5,5,7
mid,4,death_event,vigorous_activity_frequency,0.21889957954249387,0.2143597137182951,4,4,7
high,1,iadl_worsening,vigorous_activity_frequency,0.2445668067421703,0.2215018326657726,1321,1321,1321
high,2,iadl_worsening,vigorous_activity_frequency,0.15593484637788574,0.13720305447863593,1321,1321,1321
high,3,iadl_worsening,vigorous_activity_frequency,0.22385774022186797,0.19690644693549586,988,988,1321
high,4,iadl_worsening,vigorous_activity_frequency,0.19633946624573018,0.1702355944304442,784,784,1321
low,1,iadl_worsening,vigorous_activity_frequency,0.3635006783666859,0.38043832928880933,3175,3175,3175
low,2,iadl_worsening,vigorous_activity_frequency,0.320956747759163,0.3436256839229366,3175,3175,3175
low,3,iadl_worsening,vigorous_activity_frequency,0.41512342135313507,0.4510392229109626,2374,2374,3175
low,4,iadl_worsening,vigorous_activity_frequency,0.39823286292205584,0.42943838850817695,1782,1782,3175
mid,1,iadl_worsening,vigorous_activity_frequency,0.18970795811680957,0.18709126434155873,7,7,7
mid,2,iadl_worsening,vigorous_activity_frequency,0.10061663112870722,0.09955368510314397,7,7,7
mid,3,iadl_worsening,vigorous_activity_frequency,0.15136192128286607,0.15586893409490585,5,5,7
mid,4,iadl_worsening,vigorous_activity_frequency,0.0985778352696743,0.09865101240575314,4,4,7
