person_id,scenario,horizon,death_event,adl_worsening,iadl_worsening
demo_001,observed,1,0.10512007772922516,0.08719804883003235,0.07492875307798386
demo_002,observed,1,0.21980509161949158,0.10016119480133057,0.08455782383680344
demo_003,observed,1,0.1452496349811554,0.10579175502061844,0.08910878002643585
demo_004,observed,1,0.10045946389436722,0.08532027155160904,0.07431046664714813
demo_005,observed,1,0.13697907328605652,0.147870272397995,0.12479975074529648
demo_006,observed,1,0.22867785394191742,0.12191085517406464,0.10231085866689682
demo_007,observed,1,0.10028401017189026,0.08506790548563004,0.07383324950933456
demo_008,observed,1,0.15401947498321533,0.14245064556598663,0.11881566047668457
demo_009,observed,1,0.10179112106561661,0.08648636937141418,0.07447013258934021
demo_010,observed,1,0.10044702887535095,0.08529999852180481,0.07432863861322403
demo_011,observed,1,0.10452967137098312,0.08647806197404861,0.07453559339046478
demo_012,observed,1,0.10710267722606659,0.08535531908273697,0.07358721643686295
demo_013,observed,1,0.10380953550338745,0.08647160232067108,0.07422938942909241
demo_014,observed,1,0.5320342779159546,0.8108916878700256,0.7724188566207886
demo_015,observed,1,0.13543513417243958,0.21447692811489105,0.183599591255188
demo_016,observed,1,0.13159383833408356,0.08887241780757904,0.07581876218318939
demo_017,observed,1,0.1877349466085434,0.10882442444562912,0.09175951033830643
demo_018,observed,1,0.7252522706985474,0.8527670502662659,0.8215277791023254
demo_019,observed,1,0.14112532138824463,0.08818287402391434,0.07521017640829086
demo_020,observed,1,0.10899150371551514,0.08538169413805008,0.0737641230225563
demo_021,observed,1,0.6259894371032715,0.23832231760025024,0.1999707818031311
demo_022,observed,1,0.10027404129505157,0.0852859690785408,0.07416685670614243
demo_023,observed,1,0.1470266729593277,0.1139589324593544,0.09676164388656616
demo_024,observed,1,0.6540235280990601,0.6702035665512085,0.6148266792297363
demo_001,observed,2,0.10168465971946716,0.08441907167434692,0.0715949535369873
demo_002,observed,2,0.4073837399482727,0.10961070656776428,0.09047074615955353
demo_003,observed,2,0.1537252515554428,0.11976376920938492,0.09846730530261993
demo_004,observed,2,0.09589157998561859,0.0830264538526535,0.07155090570449829
demo_005,observed,2,0.11605633795261383,0.1132928878068924,0.09364102780818939
demo_006,observed,2,0.34358009696006775,0.15171673893928528,0.12443563342094421
demo_007,observed,2,0.09815369546413422,0.0831223800778389,0.07096929848194122
demo_008,observed,2,0.20901969075202942,0.21105025708675385,0.17280004918575287
demo_009,observed,2,0.10290920734405518,0.08444982767105103,0.07155679911375046
demo_010,observed,2,0.10065171867609024,0.08276244252920151,0.07072233408689499
demo_011,observed,2,0.11736229062080383,0.08489957451820374,0.07175498455762863
demo_012,observed,2,0.1072593405842781,0.08384045213460922,0.07101298123598099
demo_013,observed,2,0.100420281291008,0.08499263226985931,0.07183671742677689
demo_014,observed,2,0.6717256903648376,0.7819812297821045,0.7361019253730774
demo_015,observed,2,0.11921828985214233,0.15834525227546692,0.13024720549583435
demo_016,observed,2,0.14687156677246094,0.094959557056427,0.0788998007774353
demo_017,observed,2,0.3057970106601715,0.17459525167942047,0.1429188996553421
demo_018,observed,2,0.7468342185020447,0.8682094216346741,0.8381768465042114
demo_019,observed,2,0.2274048626422882,0.09304086118936539,0.0774109810590744
demo_020,observed,2,0.12245962768793106,0.08316376805305481,0.0707981139421463
demo_021,observed,2,0.7577741742134094,0.45011433959007263,0.3870827555656433
demo_022,observed,2,0.09594395756721497,0.08285310864448547,0.07129386812448502
demo_023,observed,2,0.15298540890216827,0.1177365705370903,0.09716875851154327
demo_024,observed,2,0.8462845683097839,0.8534243106842041,0.820884108543396
demo_001,observed,3,0.10678452998399734,0.08237262815237045,0.0697440654039383
demo_002,observed,3,0.3547508120536804,0.10416165739297867,0.08594189584255219
demo_003,observed,3,0.21462702751159668,0.14077945053577423,0.1148054450750351
demo_004,observed,3,0.09839782863855362,0.08198980242013931,0.0704137459397316
demo_005,observed,3,0.11676666885614395,0.09737078100442886,0.08049283921718597
demo_006,observed,3,0.4804318845272064,0.23103176057338715,0.1899111568927765
demo_007,observed,3,0.10352560132741928,0.08183295279741287,0.06970691680908203
demo_008,observed,3,0.330160915851593,0.3043014407157898,0.25281965732574463
demo_009,observed,3,0.10890883207321167,0.08345700055360794,0.07032769918441772
demo_010,observed,3,0.10599066317081451,0.08206155896186829,0.06979838013648987
demo_011,observed,3,0.1522296518087387,0.08562399446964264,0.07175089418888092
demo_012,observed,3,0.11928936839103699,0.083163782954216,0.07015354186296463
demo_013,observed,3,0.10632133483886719,0.08495959639549255,0.07122992724180222
demo_014,observed,3,0.6722106337547302,0.795235276222229,0.7505918741226196
demo_015,observed,3,0.1224304735660553,0.1391049325466156,0.11357040703296661
demo_016,observed,3,0.15769003331661224,0.09398148953914642,0.07784980535507202
demo_017,observed,3,0.40512949228286743,0.2672308683395386,0.22089111804962158
demo_018,observed,3,0.7026705741882324,0.8775097727775574,0.849618136882782
demo_019,observed,3,0.26553982496261597,0.09801801294088364,0.08097132295370102
demo_020,observed,3,0.1457812637090683,0.0826788917183876,0.07007849216461182
demo_021,observed,3,0.7861055731773376,0.6183996796607971,0.5557158589363098
demo_022,observed,3,0.09761696308851242,0.08212924748659134,0.07065854221582413
demo_023,observed,3,0.29475146532058716,0.1560283899307251,0.12716546654701233
demo_024,observed,3,0.861082911491394,0.8889912962913513,0.8647881746292114
demo_001,light_activity_high,1,0.10512007772922516,0.08719804883003235,0.07492875307798386
demo_002,light_activity_high,1,0.21980509161949158,0.10016119480133057,0.08455782383680344
demo_003,light_activity_high,1,0.1452496349811554,0.10579175502061844,0.08910878002643585
demo_004,light_activity_high,1,0.10045946389436722,0.08532027155160904,0.07431046664714813
demo_005,light_activity_high,1,0.13697907328605652,0.147870272397995,0.12479975074529648
demo_006,light_activity_high,1,0.22867785394191742,0.12191085517406464,0.10231085866689682
demo_007,light_activity_high,1,0.10028401017189026,0.08506790548563004,0.07383324950933456
demo_008,light_activity_high,1,0.15401947498321533,0.14245064556598663,0.11881566047668457
demo_009,light_activity_high,1,0.10179112106561661,0.08648636937141418,0.07447013258934021
demo_010,light_activity_high,1,0.10044702887535095,0.08529999852180481,0.07432863861322403
demo_011,light_activity_high,1,0.10452967137098312,0.08647806197404861,0.07453559339046478
demo_012,light_activity_high,1,0.10710267722606659,0.08535531908273697,0.07358721643686295
demo_013,light_activity_high,1,0.10380953550338745,0.08647160232067108,0.07422938942909241
demo_014,light_activity_high,1,0.5320342779159546,0.8108916878700256,0.7724188566207886
demo_015,light_activity_high,1,0.13543513417243958,0.21447692811489105,0.183599591255188
demo_016,light_activity_high,1,0.13159383833408356,0.08887241780757904,0.07581876218318939
demo_017,light_activity_high,1,0.1877349466085434,0.10882442444562912,0.09175951033830643
demo_018,light_activity_high,1,0.7252522706985474,0.8527670502662659,0.8215277791023254
demo_019,light_activity_high,1,0.14112532138824463,0.08818287402391434,0.07521017640829086
demo_020,light_activity_high,1,0.10899150371551514,0.08538169413805008,0.0737641230225563
demo_021,light_activity_high,1,0.6259894371032715,0.23832231760025024,0.1999707818031311
demo_022,light_activity_high,1,0.10027404129505157,0.0852859690785408,0.07416685670614243
demo_023,light_activity_high,1,0.1470266729593277,0.1139589324593544,0.09676164388656616
demo_024,light_activity_high,1,0.6540235280990601,0.6702035665512085,0.6148266792297363
demo_001,light_activity_high,2,0.09996935725212097,0.0844355970621109,0.0716596245765686
demo_002,light_activity_high,2,0.4132678210735321,0.11188653856515884,0.09224240481853485
demo_003,light_activity_high,2,0.13589932024478912,0.11532193422317505,0.09498478472232819
demo_004,light_activity_high,2,0.09589157998561859,0.0830264538526535,0.07155090570449829
demo_005,light_activity_high,2,0.11498849093914032,0.11231920123100281,0.09288745373487473
demo_006,light_activity_high,2,0.2976466715335846,0.13661570847034454,0.11212694644927979
demo_007,light_activity_high,2,0.09716813266277313,0.08320531249046326,0.07119170576334
demo_008,light_activity_high,2,0.20901969075202942,0.21105025708675385,0.17280004918575287
demo_009,light_activity_high,2,0.10290920734405518,0.08444982767105103,0.07155679911375046
demo_010,light_activity_high,2,0.099898561835289,0.08281854540109634,0.07077240943908691
demo_011,light_activity_high,2,0.11475295573472977,0.08498755097389221,0.07179118692874908
demo_012,light_activity_high,2,0.10353794693946838,0.08349218964576721,0.07088247686624527
demo_013,light_activity_high,2,0.09887812286615372,0.08449304848909378,0.0716324895620346
demo_014,light_activity_high,2,0.6442381143569946,0.7730791568756104,0.7257415056228638
demo_015,light_activity_high,2,0.11942879855632782,0.16902391612529755,0.13903476297855377
demo_016,light_activity_high,2,0.13860122859477997,0.09542447328567505,0.07929118722677231
demo_017,light_activity_high,2,0.29117634892463684,0.17115968465805054,0.14008139073848724
demo_018,light_activity_high,2,0.6602300405502319,0.8515623807907104,0.817692220211029
demo_019,light_activity_high,2,0.17429976165294647,0.09083670377731323,0.07579218596220016
demo_020,light_activity_high,2,0.1152171939611435,0.08311067521572113,0.07082673162221909
demo_021,light_activity_high,2,0.7577741742134094,0.45011433959007263,0.3870827555656433
demo_022,light_activity_high,2,0.09591416269540787,0.08298064768314362,0.07147647440433502
demo_023,light_activity_high,2,0.15630830824375153,0.12296991050243378,0.10135608911514282
demo_024,light_activity_high,2,0.7938735485076904,0.8008285760879517,0.7578904628753662
demo_001,light_activity_high,3,0.10425931960344315,0.08257503807544708,0.06983188539743423
demo_002,light_activity_high,3,0.3683285713195801,0.11178962886333466,0.09190970659255981
demo_003,light_activity_high,3,0.1787613481283188,0.1352100968360901,0.11030396074056625
demo_004,light_activity_high,3,0.09839782863855362,0.08198980242013931,0.0704137459397316
demo_005,light_activity_high,3,0.11366022378206253,0.0988529771566391,0.08164674788713455
demo_006,light_activity_high,3,0.4134370982646942,0.19327643513679504,0.15818016231060028
demo_007,light_activity_high,3,0.10067606717348099,0.08180364966392517,0.06977006047964096
demo_008,light_activity_high,3,0.330160915851593,0.3043014407157898,0.25281965732574463
demo_009,light_activity_high,3,0.10890883207321167,0.08345700055360794,0.07032769918441772
demo_010,light_activity_high,3,0.10579220205545425,0.0821986049413681,0.06980165839195251
demo_011,light_activity_high,3,0.142653226852417,0.08559461683034897,0.07166738063097
demo_012,light_activity_high,3,0.11186625808477402,0.08269958943128586,0.06988050788640976
demo_013,light_activity_high,3,0.10298120975494385,0.08417210727930069,0.07076463848352432
demo_014,light_activity_high,3,0.6379163861274719,0.7852542996406555,0.7389892935752869
demo_015,light_activity_high,3,0.12348557263612747,0.15837934613227844,0.1291477531194687
demo_016,light_activity_high,3,0.14960667490959167,0.0976044237613678,0.08061948418617249
demo_017,light_activity_high,3,0.3682187497615814,0.27523598074913025,0.2277785837650299
demo_018,light_activity_high,3,0.5471709370613098,0.8506050109863281,0.8162688612937927
demo_019,light_activity_high,3,0.2082831859588623,0.09551926702260971,0.07898086309432983
demo_020,light_activity_high,3,0.13697512447834015,0.08258748054504395,0.06997685134410858
demo_021,light_activity_high,3,0.7861055731773376,0.6183996796607971,0.5557158589363098
demo_022,light_activity_high,3,0.09726828336715698,0.08217952400445938,0.07069036364555359
demo_023,light_activity_high,3,0.3071744740009308,0.17571225762367249,0.1432034969329834
demo_024,light_activity_high,3,0.8091708421707153,0.8522934317588806,0.8188794851303101
