event,label,horizon,jepa_auroc,persistence_auroc,logistic_h1_auroc,mlp_hstar_auroc,jepa_auprc,persistence_auprc,logistic_h1_auprc,mlp_hstar_auprc,relative_hstar_auroc,relative_hstar_auprc,n,events,prevalence,jepa_accuracy,persistence_accuracy,logistic_h1_accuracy,mlp_hstar_accuracy,relative_hstar_accuracy,jepa_balanced_accuracy,persistence_balanced_accuracy,logistic_h1_balanced_accuracy,mlp_hstar_balanced_accuracy,relative_hstar_balanced_accuracy,jepa_sensitivity,persistence_sensitivity,logistic_h1_sensitivity,mlp_hstar_sensitivity,relative_hstar_sensitivity,jepa_specificity,persistence_specificity,logistic_h1_specificity,mlp_hstar_specificity,relative_hstar_specificity,jepa_sensitivity_at_spec80,persistence_sensitivity_at_spec80,logistic_h1_sensitivity_at_spec80,mlp_hstar_sensitivity_at_spec80,relative_hstar_sensitivity_at_spec80,jepa_threshold_at_spec80,persistence_threshold_at_spec80,jepa_specificity_at_spec80,persistence_specificity_at_spec80
adl_worsening,ADL worsened,1,0.9038581033667547,0.9453208723065558,0.9453208723065558,0.8196968238774498,0.3287708040744855,0.4279872433994706,0.4279872433994706,0.1571239009171151,1.102673667919308,2.092430255075683,15962,446,0.027941360731737877,0.9195589525122165,0.9301465981706553,0.9301465981706553,0.8398070417240947,1.094964565460649,0.8116284130832111,0.8584507587712149,0.8584507587712149,0.7139859679058331,1.13675681255161,0.6973094170403588,0.7825112107623319,0.7825112107623319,0.5807174887892377,1.2007722007722008,0.9259474091260634,0.9343903067800979,0.9343903067800979,0.8472544470224285,1.0928799634869923,0.8609865470852018,0.9282511210762332,0.9282511210762332,0.6681614349775785,1.2885906040268456,0.23,0.005,0.804266563547306,0.8133539572054653
adl_worsening,ADL worsened,2,0.8725867646446692,0.9123503599933649,0.9123503599933649,0.8390736365407917,0.2786666274935763,0.3722907054276668,0.3722907054276668,0.17364576859151237,1.0399406281456303,1.604799412930798,13120,379,0.02888719512195122,0.9101371951219512,0.9333841463414634,0.9333841463414634,0.90625,1.0042893187552566,0.7770895861303306,0.8146591758391614,0.8146591758391614,0.7187673890142123,1.081141963321551,0.6358839050131926,0.6886543535620053,0.6886543535620053,0.5197889182058048,1.2233502538071066,0.9182952672474688,0.9406639981163174,0.9406639981163174,0.9177458598226199,1.0005986487642178,0.7915567282321899,0.8575197889182058,0.8575197889182058,0.6754617414248021,1.171875,0.24000000000000002,0.005,0.8001726709049525,0.8256808727729378
adl_worsening,ADL worsened,3,0.8811099829020324,0.8959355516710197,0.8959355516710197,0.636151069654208,0.28190926390907806,0.3289075220588588,0.3289075220588588,0.048425281092284,1.3850640593608943,5.821530769678836,11326,333,0.029401377361822356,0.8878686208723292,0.9376655482959562,0.9376655482959562,0.7841250220731061,1.1323049206170477,0.7995462031666889,0.7756942788326396,0.7756942788326396,0.5844851036791362,1.3679496673804272,0.7057057057057057,0.6036036036036037,0.6036036036036037,0.37237237237237236,1.8951612903225805,0.8933867006276721,0.9477849540616756,0.9477849540616756,0.7965978349859001,1.1215027977617906,0.7987987987987988,0.7837837837837838,0.7837837837837838,0.36936936936936937,2.16260162601626,0.28500000000000003,0.005,0.8018739197671245,0.8409897207313745
adl_worsening,ADL worsened,4,0.8603006153831789,0.8835982408857996,0.8835982408857996,0.7020075150511107,0.26242873786300974,0.31900827615432625,0.31900827615432625,0.11475933788154771,1.2254863330352574,2.2867745902636996,9663,321,0.0332194970506054,0.8632929731967298,0.9405981579219704,0.9405981579219704,0.9464969471178722,0.9120927181281435,0.7683579533290517,0.7466701480801206,0.7466701480801206,0.5541864997188859,1.3864609724683032,0.6666666666666666,0.5389408099688473,0.5389408099688473,0.13395638629283488,4.976744186046512,0.8700492399914366,0.9543994861913937,0.9543994861913937,0.9744166131449369,0.8928924530374602,0.7663551401869159,0.735202492211838,0.735202492211838,0.3146417445482866,2.4356435643564356,0.34500000000000003,0.005,0.8020766431171056,0.8559195033183472
adl_worsening,ADL worsened,5,0.8574980349818115,0.8526347485310981,0.8526347485310981,0.5970697614581183,0.302069881763842,0.28573960702312445,0.28573960702312445,0.059208078148946484,1.4361772950746914,5.10183561445689,8074,301,0.03728015853356453,0.9238295764181322,0.9409214763438196,0.9409214763438196,0.9280406242259104,0.9954624316028292,0.7209193335991824,0.6946665196375733,0.6946665196375733,0.5314898705930273,1.3564121792101003,0.5016611295681063,0.42857142857142855,0.42857142857142855,0.10299003322259136,4.870967741935484,0.9401775376302586,0.960761610703718,0.960761610703718,0.9599897079634633,0.9793621013133208,0.7475083056478405,0.6843853820598007,0.6843853820598007,0.30564784053156147,2.4456521739130435,0.185,0.005,0.8067670140228997,0.8710922423774604
iadl_worsening,IADL worsened,1,0.9389426620033176,0.9418641873522677,0.9418641873522677,0.7882968608660716,0.2871028418739341,0.41147330801988274,0.41147330801988274,0.048047507051774144,1.191102880927037,5.975395176373316,15962,206,0.012905650920937225,0.9286430271895753,0.9171782984588397,0.9171782984588397,0.9178674351585014,1.011739812982049,0.8416870626569752,0.8646251574373269,0.8646251574373269,0.6038701237562143,1.3938213359877512,0.7524271844660194,0.8106796116504854,0.8106796116504854,0.2815533980582524,2.6724137931034484,0.930946940847931,0.9185707032241686,0.9185707032241686,0.9261868494541762,1.005139450421435,0.9271844660194175,0.912621359223301,0.912621359223301,0.4320388349514563,2.146067415730337,0.2,0.025,0.8019167301345519,0.8022975374460523
iadl_worsening,IADL worsened,2,0.9200749742689065,0.9184668989547038,0.9184668989547038,0.78797805539031,0.2635641769886482,0.34645477165907995,0.34645477165907995,0.055606480996048306,1.1676403523866725,4.739810401010243,13120,205,0.015625,0.9251524390243903,0.9272103658536586,0.9272103658536586,0.9477134146341464,0.9761943059353385,0.8227642276422764,0.8238095238095238,0.8238095238095238,0.5677893921796361,1.4490658666303013,0.7170731707317073,0.7170731707317073,0.7170731707317073,0.17560975609756097,4.083333333333333,0.9284552845528455,0.9305458768873403,0.9305458768873403,0.9599690282617112,0.9671721245362156,0.8878048780487805,0.8829268292682927,0.8829268292682927,0.33170731707317075,2.676470588235294,0.21000000000000002,0.02,0.8037166085946573,0.8047231900890437
iadl_worsening,IADL worsened,3,0.9097879554590873,0.8965441952480304,0.8965441952480304,0.7389297638718689,0.22480408947702415,0.2798658393096108,0.2798658393096108,0.07993769906429452,1.2312238590741695,2.812241184177849,11326,203,0.01792336217552534,0.9050856436517747,0.9358996998057567,0.9358996998057567,0.96132791806463,0.9414952240999266,0.8138448756382395,0.7666624298207814,0.7666624298207814,0.5402164511558839,1.5065162749058856,0.7192118226600985,0.5911330049261084,0.5911330049261084,0.10344827586206896,6.9523809523809526,0.9084779286163804,0.9421918547154544,0.9421918547154544,0.9769846264496989,0.9298794515505658,0.8571428571428571,0.812807881773399,0.812807881773399,0.27586206896551724,3.107142857142857,0.25,0.015,0.8053582666546795,0.8077856693338128
iadl_worsening,IADL worsened,4,0.9055340266084531,0.8719404098744089,0.8719404098744089,0.764430004991832,0.2770938746125723,0.2573283747674966,0.2573283747674966,0.10590870076661488,1.1845872358426444,2.616346651472844,9663,202,0.02090448101003829,0.8874055676291007,0.9438062713443031,0.9438062713443031,0.7099244541032805,1.25,0.8262256412725091,0.7314857450230807,0.7314857450230807,0.6919872200728159,1.1939897404255062,0.7623762376237624,0.5099009900990099,0.5099009900990099,0.6732673267326733,1.1323529411764706,0.8900750449212557,0.9530704999471514,0.9530704999471514,0.7107071134129584,1.252379535990482,0.8663366336633663,0.7970297029702971,0.7970297029702971,0.594059405940594,1.4583333333333335,0.295,0.01,0.8001268364866293,0.8077370256843885
iadl_worsening,IADL worsened,5,0.8827970610590322,0.847551234411508,0.847551234411508,0.7861645975846635,0.26381275984519614,0.20356111115004774,0.20356111115004774,0.0958852556914259,1.1229163253741685,2.7513381274613047,8074,180,0.022293782511766162,0.9378251176616299,0.9492197176120882,0.9492197176120882,0.9431508545949963,0.9943532501641497,0.7483341778566,0.6863004250767109,0.6863004250767109,0.607192523154013,1.2324495927081545,0.55,0.4111111111111111,0.4111111111111111,0.25555555555555554,2.1521739130434785,0.9466683557131998,0.9614897390423106,0.9614897390423106,0.9588294907524703,0.987316686484344,0.8111111111111111,0.7111111111111111,0.7111111111111111,0.6111111111111112,1.3272727272727272,0.155,0.01,0.8023815556118571,0.8230301494806181
